M,N,K,KernelVersion,ParallelTime,GFLOPS
10000,10000,32,4,5.149,1242.9597980190326
10000,10000,64,4,7.945666666666667,1610.9409741158702
10000,10000,128,4,13.457,1902.355651333878
