M,N,K,KernelVersion,ParallelTime,SequentialTime,RelativeError,GFLOPS,SpeedUp
10000,10000,32,4,5.149,585.730672,0.0,1242.9597980190326,113.75619965041756
10000,10000,64,4,7.945666666666667,1017.8203326666667,0.0,1610.9409741158702,128.097537357889
10000,10000,128,4,13.457,2005.642944,0.0,1902.355651333878,149.04086676079362
