M,N,K,ProcessNum,ParallelTime,GFLOPS
250,250,250,4,0.0015836666666666666,19.73268785518838
500,500,500,4,0.017060666666666665,14.653589152436407
750,750,750,4,0.032568,25.907332350773768
1000,1000,1000,4,0.048474666666666666,41.2586643195071
1250,1250,1250,4,0.07390400000000001,52.85573176012124
1500,1500,1500,4,0.16568133333333335,40.740859964107806
