,M,N,K,ProcessNum,ParallelTime,SequentialTime,RelativeError,GFLOPS,SpeedUp
0,100,100,100,16,0.3657613333333333,-1.0,-1.0,0.005468046558593764,-2.734023279296882
1,600,600,600,16,0.9293455714285714,-1.0,-1.0,0.46484323300313174,-1.076026002322064
2,1100,1100,1100,16,2.3778348333333335,-1.0,-1.0,1.1195058473713728,-0.42055065641298744
3,1600,1600,1600,16,4.7310705,-1.0,-1.0,1.7315320073966347,-0.2113686532466595
4,2100,2100,2100,16,14.37416875,-1.0,-1.0,1.2885614689892937,-0.06956924030824391
5,2600,2600,2600,16,26.719527666666664,-1.0,-1.0,1.3155921181890156,-0.0374258112821181
6,3100,3100,3100,16,44.0448365,-1.0,-1.0,1.3527578879762672,-0.022704136953715332
